347888011	b'birdcloudusa'	b'Birdcloud'
14628091	b'fminus'	b'F Minus'
278002208	b'lianafinck'	b'Liana Finck'
705116954101678080	b'getCNCreative'	b'CN Creative'
28335900	b'Hostess_Snacks'	b'Hostess Snacks'
105018214	b'prettyplusmore'	b'c.'
1008591	b'Coudal'	b'Jim Coudal'
2216213125	b'greatartbot'	b'Great Artist'
57707396	b'ReelQuinn'	b'Quinn Sutherland'
1181218518	b'fatherjohnmisty'	b'FATHER JOHN MISTY'
83047883	b'anjalimullany'	b'Anjali Mullany'
14860626	b'Overstweet'	b'Jeffrey Overstreet'
17377649	b'tomchitty'	b'Tom Chitty'
17791926	b'laurenist'	b'Lauren Jenkins'
4625687418	b'KyloR3n'	b'Emo Kylo Ren'
196861970	b'Frodeziac'	b'Evan Leslie Jones'
813566299	b'learnmp'	b'megan p learn'
11757522	b'aparnapkin'	b'Aparna Nancherla'
70111948	b'joshgondelman'	b'Josh Gondelman'
6931262	b'rachsyme'	b'#rachelsyme'
2977296903	b'Alma_Cartoonist'	b'Ray Alma'
6218752	b'Jason_Chatfield'	b'Jason Chatfield'
3567212129	b'AyanaVivBloos'	b'Ayana Vivianne Bloos'
150423176	b'lilyburana'	b'Lily Burana'
3570410415	b'TheEvilOsteen'	b'Evil Joel Osteen'
3874977225	b'NewYorkerRadio'	b'The New Yorker Radio'
3687721995	b'RealGDT'	b'Guillermo del Toro'
2996519841	b'SYSOpodcast'	b'SongsYoureSickOf'
18855056	b'KayLaura'	b'Laura Kay'
14162954	b'JLongo'	b'J. Longo'
1350541308	b'HollyMaryAnne'	b'Holly Hall LMT'
176103866	b'InkWellKids'	b'Ink Well Foundation'
2412745543	b'amykurzweil'	b'Amy Kurzweil'
479234961	b'sarahnrogers'	b'Sarah Rogers'
3438226377	b'Th3BasicDiaries'	b'BASICallyCantEven'
50732149	b'jbrida'	b'Jessica Brida'
2328421	b'pattymo'	b'Patrick Monahan'
2185620282	b'GlenLeLievre'	b'Glen Le Lievre'
3937661	b'ahc'	b'Andy Crouch'
122848033	b'ThatAmelia'	b'Amelia Lester'
299825874	b'grantdraws'	b'Grant Snider'
11169322	b'kevingosa'	b'Kevin Gosa'
787169	b'alissamarie'	b'Alissa Wilkinson'
15801000	b'tgwilkinson'	b'T.G. Wilkinson'
20814290	b'chelseaclarke'	b'chelsea clarke'
82667981	b'kclembeas'	b'Kath Clemons-Beasley'
79898678	b'nattybax'	b'natalie baxter'
75558115	b'saranics'	b'Sara Nics'
1449469332	b'superdambrose'	b'David Ambrose'
392335168	b'plsteiner'	b'Peter Steiner'
394813958	b'MichelleLhooq'	b'Michelle Lhooq'
3344168057	b'acaseforpencils'	b'A Case For Pencils'
3310218520	b'nycroberta'	b'Roberta'
3254418874	b'speedbumpcomic'	b'Dave Coverly'
35258484	b'LeavittAlone'	b'John Leavitt'
54104076	b'ChrisWhiteHQ'	b'Chris White'
35807237	b'gggersch'	b'Greg Gersch'
17060020	b'Max_Fisher'	b'Max Fisher'
355032841	b'bjfocarino'	b'Brian Focarino'
2445809510	b'periscopeco'	b'Periscope'
2903185075	b'mecharliehankin'	b'Charlie Hankin'
399248960	b'lauren_machi'	b'Lauren Machi'
810424	b'Gothamist'	b'Gothamist'
24661082	b'NYNightlife'	b'New York Nightlife'
2538115178	b'vanessabayer'	b'Vanessa Bayer'
90481540	b'FakeMTA'	b'Fake MTA'
283326630	b'jukely'	b'Jukely'
2229293689	b'apweekend'	b'IHC 2016 SHOWCASE'
3044909447	b'CoreyPandolph'	b'Corey Pandolph'
116800731	b'RingPRgirl'	b'Kimberley Ring Allen'
2983295300	b'nihilist_arbys'	b"Nihilist Arby's"
3264081	b'enbrown'	b'ElizabethNolanBrown'
1166952565	b'Rachh_Whittmore'	b'Rachel Whitmore'
3013670674	b'rachelprospect'	b'Rachel Orr'
2999876456	b'erowidrecruiter'	b'Erowid Recruiter'
175462552	b'DanWilbur'	b'Dan Wilbur'
132637897	b'GENIC0N'	b'NO CELLPHONE 2016'
135249573	b'RobGronkowski'	b'Rob Gronkowski'
270140547	b'911VICTIM'	b'Harold'
229524534	b'civarts'	b'CIVA'
41724295	b'Dan_Cassaro'	b'Dan Cassaro'
17044652	b'CAAF'	b'Carrie Frye'
100873578	b'NiteJewel'	b'Nite Jewel'
2141771	b'ayjay'	b'Alan Jacobs'
57048551	b'publicroad'	b'Ruth Graham'
53760920	b'MrTomCowell'	b'Tom Cowell'
264631735	b'farahbrook'	b'farah brook'
267856525	b'michelleisawolf'	b'Michelle Wolf'
23286093	b'AndreaMann'	b'Andrea Mann'
2360002046	b'culturecollide'	b'Culture Collide'
243009105	b'HeatherMGreene'	b'Heather Greene'
25521823	b'AlecMoore'	b'Alec Moore'
2484153402	b'PhotosOfTV'	b'mike sacks'
16028268	b'Bez'	b'Bez'
15753143	b'reppocs'	b'Corey Reppond'
116876375	b'jessicaolien'	b'Jessica Olien'
1566900048	b'NoticablyBacon'	b'Mark Marusich'
19758072	b'dark_shark'	b'Brian Eno'
624953558	b'sosadtoday'	b'so sad today'
18994967	b'shengwangtime'	b'sheng wang'
16687681	b'wilsylvince'	b'Wil Sylvince'
2896835310	b'RacketTeen'	b'Racket Teen'
1343146999	b'ginnyleise'	b'ginny leise'
321352777	b'soosonmyson'	b'SJ Son'
2813662604	b'SJandGinny'	b'SJ&GINNY'
129512861	b'GaryTaxali'	b'Gary Taxali'
343065969	b'Kjbsherman'	b'Kristen Sherman'
22260243	b'OliviaMMcLean'	b'Olivia McLean'
21669496	b'blakemom'	b'blake'
322084887	b'maggiemxwell'	b'Maggie Maxwell'
169137403	b'erikacarlock'	b'Erika Carlock'
760754209	b'KRoyStudio'	b'Katherine Roy'
31304811	b'kkeldsen'	b'Kyle Keldsen'
316975075	b'LN212'	b'Ellen S. Abramowitz'
2814362939	b'cakeisimportant'	b'Cake Is Important'
34754620	b'flashrosenberg'	b'Flash Rosenberg'
384409143	b'TheArtofE'	b'Evan Wondolowski'
15206029	b'SandraMFine'	b'sandra fine'
52227580	b'TMauseth'	b'Ted Mauseth'
921730332	b'dsipress'	b'DavidSipress'
21212087	b'Olivianuzzi'	b'Olivia Nuzzi'
2391067616	b'tldrwikipedia'	b'tldrwikipedia'
14288359	b'BeerBrewin'	b'Ben'
423599300	b'edhunsinger'	b'Ed'
1857582320	b'jasaura'	b'Jennifer Saura'
67059764	b'dustyfolwarczny'	b'dusty'
2306810211	b'GroffAndrew'	b'Andrew Groff'
2762761687	b'ThisIsTanuja'	b'Tanuja Desai Hidier'
245865958	b'MarcPhilippe200'	b'MarcPhilippeEskenazi'
522549349	b'ScribblyRoo'	b'Scribbly Roo'
26257166	b'SportsCenter'	b'SportsCenter'
20452563	b'quirklar'	b'Heather Klar'
29137296	b'angie__pants'	b'Angela Vitello'
44606764	b'OptaJoe'	b'OptaJoe'
1205123202	b'brazuca'	b'brazuca'
15201076	b'cjciaramella'	b'CJ Ciaramella'
25426048	b'thekat0711'	b'Katis#ALLIN'
43885010	b'chloerm'	b'Chloe McConnell'
2480079168	b'SavedYouAClick'	b'Saved You A Click'
2377815434	b'ClickHole'	b'ClickHole'
150723692	b'NorthsideFest'	b'Northside Festival'
633871592	b'rythdom'	b'Ryan Dominguez'
107217872	b'BenMathisLilley'	b'Ben Mathis-Lilley'
713666696	b'ColinJStokes'	b'Colin Stokes'
46518924	b'MrDarrenFarrell'	b'Darren Farrell'
17058953	b'kyle_d_bennett'	b'Kyle David Bennett'
9759662	b'adamwade'	b'adamwade'
19411110	b'rushbomb'	b'Lyndsay Rush'
72888112	b'BKStreetArt'	b'Brooklyn Street Art'
318877787	b'FirstWorldPains'	b'First World Pains'
2189503302	b'NYTMinusContext'	b'NYT Minus Context'
2356686300	b'SoulMatesCrew'	b'Soul Mates Project'
175865560	b'julia_suits'	b'Julia Suits'
2442326875	b'c8ters'	b'Cate'
130524195	b'PasswordIdeas'	b'Password Ideas'
123938303	b'kelvy_bird'	b'Kelvy Bird'
260052525	b'amerigo615'	b'Amerigo Gazaway'
366545388	b'Blisscartoons'	b'Harry bliss'
29891110	b'ilovelucius'	b'Lucius'
49832133	b'those_darlins'	b'Those Darlins'
376677494	b'teentheband'	b'TEEN'
1941612775	b'WouldRatherBot'	b'Would You Rather Bot'
20857422	b'KatinaCorrao'	b'Katina Corrao'
136986466	b'EveVawter'	b'Eve Vawter'
1175815112	b'SXSWPartyzzzzz'	b'SXSW Partyzzzzz'
487819953	b'lemonthrift'	b'Michelle Dwyer'
37941677	b'CristinaBlack'	b'Cristina Black'
18518096	b'st_vincent'	b'St. Vincent'
281243509	b'NHBellows'	b'Nathaniel Bellows'
17900402	b'BlackBook'	b'BlackBook Magazine'
13658492	b'psbella'	b'psbella'
1466216502	b'ThomasVitoAiuto'	b'Thomas Vito Aiuto'
29117113	b'harmonicait'	b'sentimental fool'
797687437	b'classicwebjokes'	b'The Big Gay Sky'
2148047569	b'artassignbot'	b'Art Assignment Bot'
1471021	b'aedison'	b'Avery Edison'
119346928	b'AmyVansant'	b'Amy Vansant'
25414214	b'Alyssa_Dawn'	b'Alyssa Dawn'
267909477	b'thorntonTV'	b'Charles Thornton'
18096699	b'KaamranHafeez'	b'Kaamran Hafeez'
20447280	b'NicoleAtkins'	b'Nicole Atkins'
141683419	b'WillCall'	b'WillCall'
248272967	b'craftynafty'	b'Brianna Hess'
18277063	b'annekejong'	b'anneke elyse jong'
713003123	b'GoogleStreetArt'	b'Street Art'
237836203	b'NormalTweetGuy'	b'Normal Guy'
15865042	b'katienotopoulos'	b'Katie Notopoulos'
241542483	b'Adam_C_Joyce'	b'Adam Joyce'
985102645	b'6InchMole'	b'6 Inch Mole'
9981522	b'LenKendall'	b'Len Kendall'
339313084	b'isaidwhat_'	b'Prisma'
2781	b'Aubs'	b'Aubrey Sabala'
304246921	b'MichtersWhiskey'	b"Michter's Distillery"
14120215	b'kottke'	b'kottke.org'
2883461	b'magger'	b'Michael Agger'
27549213	b'SarahReynoldsNY'	b'Sarah Reynolds'
484867377	b'SpicerAlice'	b'Alice Bethune Spicer'
2242580196	b'nysubwaychatter'	b'nycsubwaychatter'
16405699	b'roguebaptist'	b'John Carter'
15466121	b'TamsenFadal'	b'Tamsen Fadal'
