499798811	b'RitaLeDiffard'	b'Rita LD'
60003674	b'affanjaved'	b'Affan Javed'
417244905	b'Koki_Muli'	b'Koki Muli'
303038124	b'Nsalarzai'	b'Nazifullah Salarzai'
793247130	b'FerencKumin'	b'Ferenc Kumin'
2382504348	b'schafer_eva'	b'Eva Schafer'
47056779	b'kadorka'	b'Dora K'
872781812	b'tiraritata'	b'Rita Herencsr'
3240695943	b'KatalinBogyay'	b'Ambassador Bogyay'
712740118579322886	b'UNODCNewYork'	b'UNODC NY Office'
3749595381	b'JordiCruyff'	b'Jordi Cruyff'
74393294	b'JCFoundation'	b'Cruyff Foundation'
4095488266	b'UnodcU'	b'UNODC PO in Ukraine'
4073028675	b'AmbJeannette'	b'Jeannette Seppen'
1746203940	b'LanreShaper'	b'Olanrewaju Gideon S.'
262172246	b'JC_Fernan'	b'JuanCarlos Fernandez'
19564533	b'WaterAidAmerica'	b'WaterAid America'
121499713	b'omarhUN'	b'Omar Hernndez'
710683933525078017	b'DPRCubaOnu'	b'DPRCubaONU'
710410927640879105	b'anunsainoau'	b'ANUNSA OAU'
42455792	b'Salmanims'	b'Salma Nims'
961409743	b'Timomahn'	b'Timo Mahn'
2409531460	b'aivaras_aivaras'	b'Aivaras Abromavicius'
26698208	b'peggychen_'	b'Peggy Chen'
287746550	b'wwestz'	b'Chandler West'
193068734	b'GlobalJusticeC'	b'GlobalJusticeCenter'
809963808	b'ReisenTom'	b'Tom Reisen'
3946366097	b'olimuk'	b'Olivier Mukunzi'
18974167	b'jldiaz1'	b'Jos Luis Daz'
4181434595	b'PSustak'	b'Pavel Sustak'
2870463431	b'afgexecutive'	b'Dr. Abdullah'
191750596	b'WorldPressPhoto'	b'World Press Photo'
811268736	b'jamiller45'	b'John A. Miller'
2318768640	b'Dept_of_Women'	b'Department of Women'
2730045635	b'DWS_RSA'	b'Water Sanitation SA'
4051737863	b'LindiweZulu6'	b'Lindiwe Zulu'
14260960	b'JustinTrudeau'	b'Justin Trudeau'
377982971	b'womenforwater'	b'Women For Water'
2339094818	b'Sor_Meierij'	b'Soroptimist Meierij'
622808297	b'MValenciaBetran'	b'Marta Valencia'
119844526	b'ONU_es'	b'Naciones Unidas'
91632426	b'JacqPrins'	b'Jacqueline Prins'
45139191	b'dannydanon'	b'Ambassador Danon'
23646603	b'MarijeC'	b'Marije Cornelissen'
3254484081	b'ChinaMissionGva'	b'China Mission Geneva'
3233783931	b'GenevaMissionKE'	b'Kenya Mission Geneva'
3238492979	b'IndiaUNGeneva'	b'India at UN, Geneva'
708324934594985984	b'DTDjani'	b'D.T. Djani'
369633522	b'EHHogan'	b'Elizabeth Hogan'
873078391	b'SomaliaEU'	b'Michele CervoneDurso'
174469171	b'YPFPNY'	b'YPFP NY'
590736986	b'HarrietLMathews'	b'Harriet Mathews'
1731960246	b'MinnaLiinaLind'	b'Minna-Liina Lind'
3290076495	b'unwomenEU'	b'UN Women in Brussels'
2212806077	b'VitrenkoYuri'	b'yuri vitrenko'
2498951131	b'UKRinNLD'	b'UKR Embassy in NLD'
4430622197	b'UKRinUN'	b'UKR Mission to UN'
1471836752	b'rajkgalaxy'	b'Rajkumar Prasad'
3275288202	b'LNusseibeh'	b'Lana Nusseibeh'
2213821826	b'UNDPNamibia'	b'UNDP Namibia'
359064938	b'TheGhanaReport'	b'The Ghana Report'
3433308501	b'munafaali'	b'Muna Farah Ali'
2189049364	b'LiesbethMol'	b'Liesbeth Mol'
274639464	b'MarcoCSermoneta'	b'Marco Sermoneta'
16545594	b'marierumsby'	b'marierumsby'
131196318	b'Ciara_OBrien'	b'Ciara'
4265789079	b'savewildlife16'	b'Save Wildlife'
17191868	b'MAGsaveslives'	b'MAG'
3656595143	b'MawaSomalia'	b'Mawa F. Ali MFA@MFA'
236453099	b'stephensackur'	b'stephen sackur'
1060147483	b'UNDPGhana'	b'UNDP Ghana'
41299957	b'sangitakhadka'	b'Sangita Khadka'
2778685046	b'TayeAtske'	b'Taye A Selassie, Amb'
3350899475	b'Habitat3UN'	b'Habitat III'
1042115316	b'BWierst'	b'Willem van Wierst'
2296640683	b'MarceLopez_MX'	b'MLpezLozano'
4570789301	b'SusanaMalcorra'	b'Susana Malcorra'
16664200	b'IsabelMosk'	b'Isabel Mosk'
260190850	b'carel_k'	b'Carel Kraayenhof'
111561236	b'stephankoole'	b'Stephan Koole'
71832203	b'TomeshBeumken'	b'Tomesh Beumken'
3750567197	b'TCNicolevG'	b'Nicole van Ginkel'
841696705	b'MarkBoekhoudt'	b'Mark B.'
919287127	b'HalbeZijIstra'	b'Halbe Zijlstra'
2257035344	b'drakopoulouceu'	b'SOFIA DRAOPOULOU'
545367344	b'LeenvanHijum'	b'Leen van Hijum'
390000928	b'ArubaToerisme'	b'Aruba'
1215714650	b'markbensondenz'	b'Mark-Benson Denz'
4678545782	b'arubaconcept'	b'Aruba Concept'
1512850586	b'postboe'	b'Rosmarijn Boender'
128191620	b'jochemsprenger'	b'Jochem Sprenger'
4763411094	b'p3a_conference'	b'P3a Conference'
4794941617	b'CelineGaasrud'	b'Celine Gaasrud'
833321647	b'GuyRyder'	b'Guy Ryder'
441201398	b'DinoCorell'	b'Dino Corell'
287716809	b'MaJoseOrejarena'	b'MaraJosOrejarena'
3236166401	b'UNYouthSL'	b'UN Youth Sri Lanka'
3341877429	b'UNYD_Slovenia'	b'UN Youth Delegate SI'
47761526	b'SamarMEZ'	b'Samar Mezghanni'
110832518	b'Maby80'	b'M.Gabriela Chvez C.'
3342131999	b'ZuwaMatondo'	b'Zuwa Matondo'
1055071081	b'YoussouNdourSN'	b'Youssou Ndour'
197493438	b'macky_sall'	b'Macky SALL'
1484776861	b'yoppenheimer'	b'Yaron Oppenheimer'
3318199741	b'UkraineUN'	b'UA Mission to UN'
4449439241	b'YelchenkoUN'	b'Volodymyr Yelchenko'
3063825971	b'EU2016NL'	b'EU2016NL'
4353234441	b'RefugeesChief'	b'Filippo Grandi'
4743820287	b'SupportSyrians'	b'Supporting Syria'
4258291115	b'SRSGKeating'	b'Michael Keating'
3769584855	b'NLinSweden'	b'NL Embassy Sweden'
4751371221	b'BelalAbdo12'	b'Belal Abdo'
18372878	b'MatthijsBouw'	b'Matthijs Bouw'
370343276	b'CntrClimSec'	b'Climate & Security'
410469123	b'DorisVoorbraak'	b'Doris Voorbraak'
3085626639	b'RoderickWols'	b'Roderick Wols'
610925867	b'NorbertMoerkens'	b'Norbert Moerkens'
1060783531	b'JoopNijssen'	b'NL ambassador Malta'
3430794569	b'BabitaBBisht'	b'Babita B Bisht'
3024976618	b'GoVogueYourself'	b'Call Vogue'
54851652	b'Malkits'	b'Malkit Shoshan'
25708664	b'IABR'	b'IABR'
17448192	b'marc_a_levy'	b'Marc Levy'
15472705	b'cfeig'	b'christy feig'
27029338	b'justinforsyth'	b'Justin Forsyth'
3313290113	b'dounarciav'	b'Douglas Arcia Vivas'
3365600938	b'SinaZerbo'	b'Lassina Zerbo'
215937650	b'ICCT_TheHague'	b'ICCT - The Hague'
4255658358	b'AkbaruddinIndia'	b'Syed Akbaruddin'
1560431299	b'diplomans'	b'Felix Lomans'
169131094	b'fayeleone'	b'Faye Leone'
3493425382	b'EnriqueYeves'	b'EnriqueYeves'
2349626330	b'TommyRemengesau'	b'Tommy Remengesau, Jr'
2665043473	b'slforeign'	b'MFA Somaliland'
1448363815	b'KMedrek'	b'Karim Medrek'
615187139	b'FAONewYork'	b'FAO in New York'
4216760609	b'KoblerSRSG'	b'Martin Kobler'
450576681	b'SamGroutSmith'	b'Sam Grout-Smith'
1063464746	b'pretterhofer_s'	b'Stefan Pretterhofer'
27577016	b'DaveLee78'	b'David Y. Lee'
99198506	b'naumanb'	b'Nauman Bhatti'
120824926	b'RaviMGupta'	b'Ravi Gupta'
323941906	b'atibunimulolo'	b'Solomon Atibuni'
141314305	b'YvonnedeHaan'	b'Yvonne de Haan'
751915148	b'dbonis'	b'Desiree Bonis'
3645953723	b'MbarangaUN'	b'Mbaranga Gasarabwe'
3893318087	b'NataMenabde'	b'Nata Menabde'
2890025725	b'McQ1Meetings'	b'Colleen McQuone'
396499351	b'GeorgiosHilal'	b'Georgios Hilal'
3247889729	b'RandyBerry'	b'Randy Berry'
618262254	b'Abandamarcel'	b'Marcel Abanda'
3342144741	b'Ndabazi_Patrick'	b'Patrick Ndabazi'
4351026496	b'FloraKanyange'	b'Flora KANYANGE'
3328352625	b'hagabimana9'	b'ERIC HAGABIMANA'
2397474437	b'fleurinesm'	b'Fleur_ Ins'
4098672209	b'nkunzimana_elie'	b'Nkunzimana Elie'
90607915	b'landrysibo'	b'Landry Sibomana'
4394299060	b'vreeken_marieke'	b'Marieke Vreeken'
951686846	b'DonNdim'	b'Ndimurukundo Don'
269534713	b'RalphSchreinema'	b'RalphSchreinemachers'
10443052	b'beccarito'	b'Rebecca Carman'
318049098	b'grherde'	b"Rene Herde'"
53629350	b'JasperBol'	b'Jasper Bol'
2207130150	b'thanavon'	b'Thanavon Pamaranon'
1471250628	b'MinisterTdB'	b'Tony de Brum'
2845769081	b'natallia_ka'	b'Natallia Karkanitsa'
1102965780	b'siveinakama'	b'Iva Suveinakama'
1024285273	b'suveinakama'	b'ben.suveinakama'
113919490	b'MikiWali'	b'Miki Mikallete Wal'
3166735540	b'mwlodge'	b'Michael Lodge'
219081096	b'ForumSEC'	b'PacificIslands Forum'
3105844116	b'vakaoca'	b'Vakaoca Kedrayate'
1930769281	b'a_akkerman'	b'Ton Akkerman'
36712279	b'Dahirkulane'	b'Dahir  Kulane'
1595268781	b'nduwarugira'	b'Dsir Nduwarugira'
3886728132	b'ClimateEnvoyNZ'	b'Jo Tyndall'
1338740929	b'WaleedSSadek'	b'Dr.Waleed Sadek'
923870604	b'elghassimw'	b'El-Ghassim Wane'
575786361	b'Keytzi'	b'Luis Ruiz Polo'
2997850113	b'knbui1'	b'Khoa Bui'
18252759	b'dolstra'	b'Remco Dolstra'
1071372422	b'DeSachenka'	b'AlexandraNovosseloff'
1847850114	b'JoannaMMeyer'	b'Joanna M Meyer'
1947525210	b'Zibettoespresso'	b'Zibetto Espresso'
412519066	b'jburgessclimate'	b'Jazmin Burgess'
24308841	b'SwiftRetort'	b'Cassie Farrelly'
60929150	b'ColMcD'	b'Colin McDonald'
1650651308	b'MiriamShearman'	b'Miriam Shearman'
19818348	b'BraithwaiteUKUN'	b'Julian Braithwaite'
426830136	b'francellastrick'	b'francella strickland'
17759406	b'Gangajli'	b'Leela'
1525785690	b'RenneKlinge'	b'Renne Klinge'
636199224	b'gerhardpc7'	b'G. Putman-Cramer'
117176082	b'NoriSpauwen'	b'Nori Spauwen'
556285604	b'ian_duddy'	b'Ian Duddy'
1453695991	b'CKokkinakis'	b'Christina Kokkinakis'
230752515	b'markdpower'	b'Mark Power'
19589974	b'andrew_ure'	b'Andrew Ure'
49510011	b'Jassim_AlMaawda'	b' '
1392659742	b'raulcabr'	b'Raul De Melo Cabral'
