106169650	b'littlendaba'	b'handcrafted toys'
2206717711	b'NRT_Kenya'	b'NRT'
887671400	b'EzemveloScience'	b'Ezemvelo Science'
4772896485	b'rhino_jo'	b'Jo Shaw'
1300823005	b'harrysplusone'	b'Anna'
6350932	b'jimmowatt'	b'Jim Mowatt'
4033510643	b'RunForRhino'	b'RunForRhino'
460936076	b'EZEMVELOKZNWild'	b'EZEMVELO KZNWildlife'
113721093	b'cecesieffert'	b'CeCe Carter Sieffert'
1876164132	b'GrantFowlds1'	b'Grant Fowlds'
2444013584	b'RhinoGenetics'	b'Rhino Cryogenetics'
1960885460	b'KeepRhinosAlive'	b'Rhino Rescue Project'
2424183558	b'HORN_Rhino'	b'HORN'
408792642	b'Phil_Vickery'	b'Phil Vickery MBE'
2202875871	b'WildsideM'	b'Wildside Magazine'
263099844	b'aaronramsey'	b'Aaron Ramsey'
213969309	b'LewisHamilton'	b'Lewis Hamilton'
545450214	b'PaulBlackthorne'	b'Paul Blackthorne'
621070937	b'AdamHartScience'	b'Adam Hart'
302501056	b'YorkshireWP'	b'Wildlife Park'
3306644563	b'SaveARF'	b'SAVE African Rhino'
191593677	b'rob_carlson'	b'Rob Carlson'
970537572	b'Kenyadan10'	b'Daniel Stiles'
400179207	b'THULATHULA1'	b'THULA THULA'
2974274697	b'RhinoArtGrant'	b'RhinoArtGrant'
2396489030	b'Fighting4Rhinos'	b'Rhinos 4 The Future'
260062202	b'pocockdavid'	b'David Pocock'
27511752	b'ArvD'	b'Arvind Ethan David'
1889148830	b'NiasFriends'	b"Nia's Friends"
490859038	b'DirectorDanAshe'	b'Dan Ashe'
93657153	b'NatWorldSafaris'	b'NaturalWorldSafaris'
637053537	b'Microgaming'	b'Microgaming'
4417310597	b'CITESCoP17'	b'CITES CoP17'
552582271	b'astro_timpeake'	b'Tim Peake'
29223239	b'FeelGoodPark'	b'Animal Friends'
3096774947	b'BlackRhinoP'	b'BlackRhinoProject'
603845143	b'INTERPOL_TIGC'	b'STOP ILLICIT TRADE'
3180465732	b'thebarkmorehous'	b'The Barkmore House'
324599106	b'jeremy_hance'	b'jeremy hance'
3350788870	b'environmentza'	b'Environmentza'
2978401269	b'wildlife_tech'	b'WildlifeCrimeTech'
163912948	b'VNAirlines'	b'Vietnam Airlines'
2812768561	b'KensingtonRoyal'	b'Kensington Palace'
312572198	b'wearetwogether'	b'twogether'
37940072	b'RobertEFuller'	b'Robert E Fuller'
2326357284	b'WildAidVietnam'	b'WildAid Vietnam'
1174841214	b'Phasa_1'	b'PHASA'
792680365	b'anandunmasked'	b'Anand Patel'
2584481804	b'careforwild'	b'Care for Wild Africa'
3145569187	b'NamibiaRR'	b'Namibia'
63525135	b'chrisfroome'	b'Chris Froome'
41692369	b'BearGrylls'	b'Bear Grylls'
49945439	b'Farsideafrica'	b'Farside Africa Vicky'
273375532	b'FryRsquared'	b'Hannah Fry'
1267417454	b'Act_Wild'	b'Wildlife Activism'
327262735	b'ElephantTrust'	b'Elephant Trust'
63076720	b'ste_kenya'	b'Save the Elephants'
726399901	b'IworryTrade'	b'iworry'
257967029	b'JillInglis'	b'Jill Inglis'
2995905016	b'16KAgency'	b'16K Agency'
86271665	b'AlexCrawfordSky'	b'Alex Crawford'
111290180	b'safariparkbb'	b'Safaripark'
9855132	b'action4ifaw'	b'IFAW'
317187060	b'TheWCS'	b'WCS'
46636964	b'AdrianSteirn'	b'Adrian Steirn'
68524735	b'keithmartinmd'	b'Keith Martin MD'
1277747576	b'TheLaikipian'	b'The Laikipian'
178272441	b'JudiWakhungu'	b'Prof. Judi Wakhungu'
3092669945	b'BlackBeanProd'	b'Black Bean Prod.'
3644380577	b'MjSigsworth'	b'Michael Sigsworth'
849458179	b'RebellionJason'	b'Jason Kingsley'
22484810	b'VirginMoney'	b'Virgin Money'
722313482	b'protrackantipu'	b'Protrack Anti Poach'
290526215	b'ChrisSerfs'	b'Chris Serfontein'
355074256	b'Megsgreenwood'	b'Megan Greenwood'
3429624587	b'Walk4Wildlife'	b'Walk 4 Wildlife 2016'
143299434	b'bibhabtalukdar'	b'Bibhab Talukdar'
14266714	b'innocent'	b'innocent drinks'
3309986228	b'RhinoDaySept22'	b'#WorldRhinoDay'
17814692	b'aardvarksafaris'	b'Aardvark Safaris'
128356204	b'DSCNEWSCENTER'	b'Dallas Safari Club'
3668633656	b'RietvleiRhinos'	b'RietvleiRhinos'
2670885029	b'NailsByNemo'	b'Atima Bhatnagar'
14345368	b'MatthewModine'	b'Matthew Modine'
1540529606	b'_AnimalAdvocate'	b'ANIMAL ADVOCATE  '
135172279	b'Ray_Mears'	b'Ray Mears & Woodlore'
903937435	b'JoLomasFCO'	b'Jo Lomas'
277754696	b'exploreinc'	b'EXPLORE, Inc.'
2504202403	b'deba_dmj'	b'Deba Kumar  Dutta'
443041161	b'BryanChristy'	b'Bryan Christy'
17679194	b'AdamWelz'	b'Adam Welz'
92759618	b'ASandbachMP'	b'Antoinette Sandbach'
593209767	b'theriftwalk'	b'The Rift Doc'
59203391	b'Markhelpsyou'	b'Good to be a Gunner!'
3431180051	b'blackmambaapu'	b'Black Mamba APU'
3187877016	b'BooneTheRhino'	b'Boone SF Rhino'
295582313	b'alison_squance'	b'Alison Squance'
575633713	b'abithesalmon'	b'Abi Salmon'
2876455067	b'IzuluGolf'	b'Izulu Golf'
3365545624	b'LewaWilderness'	b'Lewa Wilderness'
2331639608	b'EAZAZoos'	b'EAZA Zoos'
39719681	b'IIED'	b'IIED'
719552912	b'lis_mclellan'	b'Lis McLellan'
131926473	b'RoryStewartUK'	b'Rory Stewart'
434030422	b'NoWindNoWaves28'	b'Annette Hbschle'
177912908	b'sarafazlali'	b'Sara Fazlali'
285666909	b's_ecret_me'	b'Secret Me'
35632868	b'WD4C'	b'Working Dogs'
177721942	b'Wildleaks'	b'WildLeaks'
594453678	b'AWTnews'	b'AfricanWildlifeTrust'
2389824606	b'RHINOSINAFRICA'	b'Rhinos in Africa'
1440391434	b'OxCIEJ'	b'Oxpeckers Center'
1079320117	b'MDconservation'	b'Michael Dyer'
2640535825	b'savingthewild_'	b'savingthewild.com'
3247729083	b'JohanGeorget'	b'Johan Georget'
2242762473	b'AishasOasis'	b'Aisha Abdel'
8687432	b'kellyjrusso'	b'Kelly'
293424425	b'KateHowells1'	b'Kate Howells'
119340856	b'flatmansally'	b'Sally Flatman'
277107128	b'TerriStander'	b'Terri Noxolo Stander'
159733203	b'Sambokenya'	b'Sam Taylor'
3250437136	b'RunWild_Kenya'	b'Safaricom Marathon'
2875052675	b'penguinsusie'	b'Susie Ellis'
2525764422	b'Claire_Dinsdale'	b'PC Claire Dinsdale'
3226523254	b'CuraClothingLtd'	b'Cura Clothing Ltd'
1378298718	b'fightforrhinos'	b'Fight for Rhinos'
2477223752	b'EleRhinoMarch'	b'March4ElesAndRhinos'
2359668618	b'SavingSurvivors'	b'Saving The Survivors'
69217068	b'FREELANDpeople'	b'FREELAND'
3044804453	b'WWF_WLCrime'	b'WWF Wildlife Crime'
112427461	b'Vic_Gill'	b'Victoria Gill'
801022814	b'melviper'	b'Melviper'
829026120	b'WWF_ROA'	b'WWF Africa'
286360143	b'wildlifeleaders'	b'EWCL'
3306885269	b'rhi_NOcampaign'	b'Rhi-NO'
3004868652	b'photowilkinson'	b'WilkinsonPhotography'
62540002	b'paulajradcliffe'	b'Paula Radcliffe'
3157214653	b'RhinoAwards'	b'Rhino Awards '
131181559	b'TheFSI'	b'The FSI'
1339240386	b'lionreporter'	b'Lorenzo Simoncelli'
2192532283	b'SKC_Voyager'	b'SKC_Voyager'
19762150	b'PaulSherwen'	b'Paul Sherwen'
36670025	b'BBCAfrica'	b'BBC Africa'
93647292	b'AKTravel_UK'	b'Abercrombie & Kent'
3160082881	b'blackrhinofan'	b'Black Rhino'
157091041	b'ryangrant85'	b'Ryan Grant'
386069078	b'LisaHunkler'	b'Lisa Chien Hunkler'
2475833041	b'seedotsaw'	b'seesaw'
126589183	b'ScimitarSports'	b'Scimitar Sports'
138712289	b'sccoalition'	b'Small Charities Cltn'
2583692502	b'TheBulldogTrust'	b'The Bulldog Trust'
1542533869	b'thereaIbanksy'	b'banksy'
3097968518	b'WildAidHK'	b'WildAid Hong Kong'
21186632	b'WorldwideExp'	b'Worldwide Experience'
323150930	b'WildFrontiers_'	b'Wild Frontiers'
126639076	b'QuintTravel'	b'Quintessentially Tvl'
172008738	b'PureSafari'	b'Pure Safari'
506429053	b'Martina'	b'Martina Navratilova'
497870019	b'ParadiseWLPark'	b'ParadiseWildlifePark'
461365902	b'marathonDsables'	b'MARATHON DES SABLES'
2648946972	b'STROOP_film'	b'STROOP'
764289907	b'TonyJohnstone56'	b'Tony Johnstone'
41582030	b'Jamie_Woodward_'	b'The Ice Age'
2702013870	b'daryllpleasants'	b'AnimalsSavingAnimals'
2952964304	b'WildAid_SA'	b'WildAid South Africa'
362973509	b'Wildlife_Film'	b'Wildlife Film News'
322649566	b'Films_That_MAD'	b'Conservation Films'
329825801	b'BrockInitiative'	b'Brock Initiative'
496066049	b'JoanneLapin'	b'Joanne Lapin Thorpe'
398684184	b'WidodoRamono'	b'Widodo Ramono'
954042103	b'EJMilnerGulland'	b'EJ Milner-Gulland'
377332587	b'Shonetsystems'	b'ShoNet'
122994639	b'WilliamJHague'	b'William Hague'
587250854	b'HG_Richardson'	b'Heather Richardson'
516711137	b'atRoryH'	b'Rory'
33612317	b'salesforce'	b'Salesforce'
378151259	b'JAMillsAuthor'	b'J.A. Mills'
757303975	b'ChelseaClinton'	b'Chelsea Clinton'
285576144	b'ForeverWildWF'	b'Forever Wild'
2660755152	b'Owen_PatersonMP'	b'Owen Paterson MP'
20976129	b'alisonflood'	b'Alison Flood'
260211154	b'DrAliceRoberts'	b'Prof Alice Roberts'
337886919	b'AstroSamantha'	b'Sam Cristoforetti'
2826501727	b'GreatBigRhinos'	b'Great Big Rhinos'
186154646	b'Cmdr_Hadfield'	b'Chris Hadfield'
18393773	b'neilhimself'	b'Neil Gaiman'
2926648811	b'sytamagazine'	b'Say Yes to Adventure'
135134269	b'emmaccrosby'	b'Emma Crosby'
1900725463	b'hgloki'	b'Hannah Grist'
190287467	b'giveasyoulive'	b'Give as you Live'
93838149	b'chapelyork'	b'Chapel & York'
2953306792	b'51_DegreesLtd'	b'51 Degrees'
126601030	b'FollyFarmWales'	b'Folly Farm'
539952978	b'redorangeearth'	b'Jessica Sweidan'
591288711	b'RhinoArmy'	b'Rhino Army'
2999349377	b'ForRangers'	b'Running for Rangers'
55602589	b'RhinoRecordsUK'	b'Rhino UK'
2812870434	b'TamlynDavies'	b'Tamlyn Davies'
1660468830	b'hughlaurie'	b'Hugh Laurie'
251150283	b'KenichiSerino'	b'Kenichi Serino'
