159153710	b'DP_World'	b'DP World'
128563448	b'dhlexpressuk'	b'DHL Express UK'
12626962	b'earthhour'	b'Earth Hour'
3565231520	b'olliepangolin'	b'Ollie The Pangolin'
3429790829	b'oryx_safaris'	b'ORYX'
4814763455	b'rangercraft'	b'WeAreTheRangers'
484154023	b'InstantWild'	b'Instant Wild'
35749264	b'NHM_London'	b'NaturalHistoryMuseum'
2192253985	b'NHM_WPY'	b'Discover WPY'
191613738	b'FoxNewsLive'	b'FoxNews.com Live'
1367531	b'FoxNews'	b'Fox News'
380801406	b'Maersk'	b'Maersk Group'
249090009	b'MaerskLine'	b'Maersk Line'
821045162	b'emirates'	b'Emirates Airline'
18493366	b'KenyaAirways'	b'Kenya  Airways'
146500034	b'iata2press'	b'IATA Communications'
27067896	b'IATA'	b'IATA'
174185083	b'IMOHQ'	b'IMO'
2202126939	b'EndeavourFund'	b'Endeavour Fund'
901622635	b'WILDLABSNET'	b'WILDLABS Community'
2445809510	b'periscopeco'	b'Periscope'
2384071	b'timoreilly'	b"Tim O'Reilly"
418725052	b'MayhewCharlie'	b'Charlie Mayhew'
169205802	b'sniply'	b'Sniply'
1118669809	b'SubZeroExtabyte'	b'SubZeroExtabyte'
98012335	b'jordosh'	b'Jordan Shapiro'
11890452	b'ArkLady'	b'Diana L Guerrero'
106682853	b'mozilla'	b'Mozilla'
589995133	b'MozLDN'	b'Mozilla London'
348416778	b'mozillafestival'	b'Mozilla Festival'
966851540	b'dragnoz'	b'Dragnoz'
2535758810	b'LearnToMod'	b'LearnToMod'
23075847	b'CooneyCenter'	b'Cooney Center'
320374517	b'chrisandthemike'	b'Chrisandthemike'
247002412	b'ImmersiveMind'	b'Stephen Reid'
24851437	b'ben40forte'	b'Ben Forte'
401780956	b'MinecraftEdu'	b'MinecraftEdu'
2162478998	b'oliverdunk_'	b'Oliver Dunk'
3452128876	b'KitDoezGaming'	b'Kit Black'
586313	b'thecommonpeople'	b'Wizard Keen'
18949452	b'FT'	b'Financial Times'
254190291	b'youngrewired'	b'Young Rewired State'
63525135	b'chrisfroome'	b'Chris Froome'
542139063	b'ThatMumboJumbo'	b'Mumbo Jumbo [Oli]'
252185621	b'xRpMx13'	b'Ryan McNulty'
150970399	b'Al2kA'	b'Alasdair Davies'
3005429389	b'DropJason'	b'Jason blanks'
2174153895	b'anguishedprince'	b'whyss'
410075214	b'WorldofKeralis'	b'Keralis'
361615350	b'AviatorGaming'	b'AviatorGaming'
1673481306	b'percydog44'	b'PercyDog'
1692370513	b'KBBackupAccount'	b'Kit'
311566131	b'ExplodingTNT'	b'ExplodingTNT'
499449593	b'JeromeASF'	b'Jerome Aceti'
3253758956	b'PlayCraftLearn'	b'Minecraft Education'
3225789165	b'Mr_Zincy'	b'Mr Zincy'
16557214	b'ade_WWF'	b'Ade at WWF'
266637672	b'emmmanorton'	b'Emma Norton'
424516301	b'victorialine'	b'Victoria line'
2409488466	b'andersen_inger'	b'Inger Andersen'
43595654	b'ghipszky'	b'Ginger'
2978401269	b'wildlife_tech'	b'WildlifeCrimeTech'
102742942	b'SabiSabiReserve'	b'Sabi Sabi'
1657726344	b'simonhedges64'	b'Simon Hedges'
74222189	b'USFWSIntl'	b'USFWS International'
1492568125	b'KirstenAwrite'	b'Kirsten A. Everett'
2505916238	b'_Endangered'	b'Endangered Species'
1545378264	b'ConservCareers'	b'Conservation Careers'
2754402463	b'africa_wow'	b'Fascinating Africa'
586284452	b'annamiticus'	b'Annamiticus'
2239388190	b'VETPAW'	b'VETPAW'
24655293	b'VanessaCarlton'	b'Vanessa Carlton'
3092669945	b'BlackBeanProd'	b'Black Bean Prod.'
431655860	b'James_Suter'	b'James Suter'
591899077	b'frontlinenature'	b'Natures Frontline'
394326778	b'SANParksHR'	b"SANParks HR's"
2983323628	b'WorkForWildlife'	b'Working For Wildlife'
1227913266	b'BoranaWildlife'	b'Borana Conservancy'
273862860	b'wildlifecentre'	b'Lilongwe Wildlife'
2437502443	b'RacingXtinction'	b'Racing Extinction'
2437502443	b'RacingXtinction'	b'Racing Extinction'
2323908577	b'ChengetaTusk'	b'Chengeta Wildlife'
1104229693	b'IlWildTrade'	b'IllegalWildlifeTrade'
2943807334	b'acrashofrhino'	b'Crash Of Rhino Movie'
1234347595	b'GreenProsecutor'	b'Green Prosecutors'
1075043774	b'RhinoKeepers'	b'Rhino Keepers'
80856835	b'Jouher'	b'Johar ali'
1891850136	b'Ivory4Elephants'	b'Ivory For Elephants'
3044804453	b'WWF_WLCrime'	b'WWF Wildlife Crime'
35632868	b'WD4C'	b'Working Dogs'
264780593	b'heathersohl'	b'Heather Sohl'
612090813	b'goodgolly007'	b'molly brown'
3010858099	b'sumateratiger'	b'Sumatran Tiger'
172647061	b'The_New_Age'	b'The_New_Age'
17268359	b'AshleyLeggat'	b'Ashley Leggat'
85043148	b'sindicatum'	b'Sindicatum'
23930286	b'TheSimonEvans'	b'simon evans'
18525497	b'glynmoody'	b'Glyn Moody'
92372285	b'KristinDavis'	b'Kristin Davis'
2292423140	b'WildlifeDay'	b'World Wildlife Day'
16345878	b'gorillacd'	b'Virunga NationalPark'
18651671	b'BornFreeUSA'	b'BornFreeUSA'
3044881187	b'poachingnomore'	b'meagainstpoaching'
511279191	b'edu4naturevn'	b'ENV'
2999349377	b'ForRangers'	b'Running for Rangers'
46636964	b'AdrianSteirn'	b'Adrian Steirn'
470249571	b'voice4action'	b'jamalone'
482578400	b'_AndreaAngulo_'	b'Andrea Angulo'
2466698762	b'perorbailey'	b'Pearl Orlind Bailey'
192168640	b'TigerTimeNow'	b'TigerTime'
875709914	b'yarh1'	b'#BetterPlace - yarh'
3020734743	b'people4pangolin'	b'People for Pangolins'
232195606	b'NickReed1'	b'Nick Reed'
216674501	b'Save_WildTigers'	b'Save Wild Tigers'
22482435	b'21CenturyTiger'	b'21st Century Tiger'
2323984956	b'Global_TigerDay'	b'Global Tiger Day'
2751567699	b'Rhinosaverz'	b'Rhinosaverz'
23557953	b'Nature_Kenya'	b'Nature Kenya'
51719336	b'BeccaBSFL'	b'Becca Bryan'
361372276	b'rosebud493'	b'EM'
2812768561	b'KensingtonRoyal'	b'Kensington Palace'
99592283	b'lionguardians'	b'Lion Guardians'
29650188	b'BLESELE'	b'BLES'
2270744659	b'WCSIndia'	b'WCS-India'
5548212	b'AndrewMayne'	b'Andrew Mayne'
77128292	b'TimTurnerMusic'	b'Tim Turner'
64496398	b'MelissaJoanHart'	b'Melissa Joan Hart'
2382693414	b'3DPrintersVDB'	b'3D printers VDB'
1604444052	b'dodo'	b'The Dodo'
211154075	b'IrinaGreenVoice'	b'Irina Tikhomirova'
18766296	b'WildlifeRescue'	b'Wildlife Alliance'
2789158945	b'AlastairNWCS'	b'Alastair Nelson'
726399901	b'IworryTrade'	b'iworry'
2589769764	b'PathwaysCon'	b'Pathways 2016'
2915936190	b'lastdaysofivory'	b'Last Days'
2829410206	b'WHConserv'	b'WH Conservation'
2302587043	b'ZSLKenya'	b'ZSL Kenya'
789429338	b'NBA_Africa'	b'NBA Africa'
2789942179	b'one_NatureAlive'	b'Nature Alive'
144170606	b'nomesdoak'	b'Naomi Doak'
78193153	b'Al_Horford'	b'Al Horford'
80480330	b'sergeibaka9'	b'Serge Ibaka'
1906176547	b'officialmutombo'	b'Dikembe Mutombo'
122994639	b'WilliamJHague'	b'William Hague'
27860681	b'WorldBank'	b'World Bank'
357588709	b'WorldBankLive'	b'World Bank Live'
23083404	b'KingJames'	b'LeBron James'
793861356	b'NBAUK'	b'NBA UK'
19923144	b'NBA'	b'NBA'
22120359	b'UKinUSA'	b'British Embassy'
2250871410	b'UKinUSA_Latino'	b'UKinUSA Latino'
2790694369	b'mpalalive'	b'Mpala Live!'
107491223	b'Gaby_Same'	b'GabySame'
385426018	b'Adelina1984'	b'Louise Fletcher'
259783015	b'pangorarium'	b'HangInTherePangolins'
300526875	b'AnimalAbusers'	b'AnimalAbusers'
2739894242	b'MattTheRhino'	b'Matt The Rhino'
34948198	b'WildernessUK'	b'Wilderness Fdn'
91285471	b'vincentlaforet'	b'Vincent Laforet'
23001804	b'spacemarch'	b'Space March'
33173672	b'femkesongs'	b'Femke Weidema'
49772158	b'GabrieleMuccino'	b'Gabriele Muccino'
2549565572	b'jasonhuang_log'	b'Jason Huang'
214479694	b'TheDSWF'	b'David Shepherd DSWF'
164221206	b'KirstyCoventry'	b'Kirsty Coventry'
2874588985	b'WildlifeVietnam'	b'SaveVietnamsWildlife'
2219776353	b'Tudorosed'	b'Tudor Rose'
2521425488	b'Aay_deR'	b'Aya de Ruiter'
287355792	b'JackBobridge'	b'Jack Bobridge'
472100916	b'SynchEarth'	b'Synchronicity Earth'
2888961606	b'SMARTCnsvTools'	b'SMARTConservation'
2872021564	b'Papaco_IUCN'	b'IUCN PAPACO'
1139807077	b'PlayRhinoRaid'	b'WWF Rhino Raid'
267038232	b'NGWeekend'	b'NatGeo Weekend Radio'
2737835076	b'wildincrisis'	b'Wild in Crisis'
2881474944	b'elephantconf'	b'Save The Elephant'
335241981	b'Rovio'	b'Rovio'
17219044	b'Greenbuild'	b'Greenbuild'
15688781	b'ellievhall'	b'Ellie Hall'
2447534246	b'Sign4Elephants'	b'Sign for Elephants'
1462076239	b'STzElephants'	b'STEP'
512085024	b'MarcusKohler'	b'Marcus Kohler'
17337554	b'AngryBirds'	b'Angry Birds'
18552281	b'BrooklynNets'	b'Brooklyn Nets'
19263978	b'cavs'	b'Cleveland Cavaliers'
19289898	b'jojonata'	b'Joanna Natasegara'
626372660	b'DietmarHamann'	b'Didi Hamann'
2696079750	b'ConsHack'	b'Conservation Hack'
118191162	b'sslieberman'	b'Sue Lieberman'
31505219	b'MartinGuitar'	b'Martin Guitar'
373874606	b'DanChallender'	b'Dan Challender'
403972679	b'OWCofficial'	b'One World'
2845570509	b'march4ellies'	b'VIRTUALElephantMarch'
361139304	b'adehal'	b'Amrit Dehal'
202622656	b'Cheetah_Centre'	b'HESC'
2517362390	b'IUCN_WPC_Peter'	b'Peter Sanderson'
355624327	b'LatestKruger'	b'Kruger Sightings'
828754867	b'SANParksKNP'	b'Kruger National Park'
2206717711	b'NRT_Kenya'	b'NRT'
270872976	b'gregdutoit'	b'gregdutoit'
